{"errors":[],"warnings":[],"namedChunkGroups":{"app":{"chunks":[13,2],"assets":["webpack-runtime-754c649f0d69e17d8e14.js","webpack-runtime-754c649f0d69e17d8e14.js.map","app-aea21e2847886e102b3f.js","app-aea21e2847886e102b3f.js.map"],"children":{},"childAssets":{}},"component---node-modules-gatsby-plugin-offline-app-shell-js":{"chunks":[3],"assets":["component---node-modules-gatsby-plugin-offline-app-shell-js-302b2f1c7106d1597605.js","component---node-modules-gatsby-plugin-offline-app-shell-js-302b2f1c7106d1597605.js.map"],"children":{},"childAssets":{}},"component---src-templates-all-products-js":{"chunks":[0,1,10],"assets":["0.48565c710fdc99cc2d9d.css","0-e9325e1e7137cfec4564.js","0-e9325e1e7137cfec4564.js.map","1.d2cdb0ccf6e65f3245c9.css","1-14fd423c7c989a2f48e4.js","1-14fd423c7c989a2f48e4.js.map","component---src-templates-all-products-js-8795bb4afb7202542458.js","component---src-templates-all-products-js-8795bb4afb7202542458.js.map"],"children":{},"childAssets":{}},"component---src-templates-product-post-js":{"chunks":[0,14,1,11],"assets":["0.48565c710fdc99cc2d9d.css","0-e9325e1e7137cfec4564.js","0-e9325e1e7137cfec4564.js.map","14.3494113dc34cd5fa2eb7.css","14-805533cca0151131cff2.js","14-805533cca0151131cff2.js.map","1.d2cdb0ccf6e65f3245c9.css","1-14fd423c7c989a2f48e4.js","1-14fd423c7c989a2f48e4.js.map","component---src-templates-product-post-js-9074d481e6557fe955f1.js","component---src-templates-product-post-js-9074d481e6557fe955f1.js.map"],"children":{},"childAssets":{}},"component---src-pages-404-js":{"chunks":[0,1,4],"assets":["0.48565c710fdc99cc2d9d.css","0-e9325e1e7137cfec4564.js","0-e9325e1e7137cfec4564.js.map","1.d2cdb0ccf6e65f3245c9.css","1-14fd423c7c989a2f48e4.js","1-14fd423c7c989a2f48e4.js.map","component---src-pages-404-js-d226ea5351b5124e1e5c.js","component---src-pages-404-js-d226ea5351b5124e1e5c.js.map"],"children":{},"childAssets":{}},"component---src-pages-about-us-js":{"chunks":[0,1,5],"assets":["0.48565c710fdc99cc2d9d.css","0-e9325e1e7137cfec4564.js","0-e9325e1e7137cfec4564.js.map","1.d2cdb0ccf6e65f3245c9.css","1-14fd423c7c989a2f48e4.js","1-14fd423c7c989a2f48e4.js.map","component---src-pages-about-us-js-5510017e792a2e89406f.js","component---src-pages-about-us-js-5510017e792a2e89406f.js.map"],"children":{},"childAssets":{}},"component---src-pages-contact-us-js":{"chunks":[0,1,6],"assets":["0.48565c710fdc99cc2d9d.css","0-e9325e1e7137cfec4564.js","0-e9325e1e7137cfec4564.js.map","1.d2cdb0ccf6e65f3245c9.css","1-14fd423c7c989a2f48e4.js","1-14fd423c7c989a2f48e4.js.map","component---src-pages-contact-us-js-dd631ab2251b0f0a1ba6.js","component---src-pages-contact-us-js-dd631ab2251b0f0a1ba6.js.map"],"children":{},"childAssets":{}},"component---src-pages-enquiry-js":{"chunks":[0,1,7],"assets":["0.48565c710fdc99cc2d9d.css","0-e9325e1e7137cfec4564.js","0-e9325e1e7137cfec4564.js.map","1.d2cdb0ccf6e65f3245c9.css","1-14fd423c7c989a2f48e4.js","1-14fd423c7c989a2f48e4.js.map","component---src-pages-enquiry-js-02b74af04e7c0517eb39.js","component---src-pages-enquiry-js-02b74af04e7c0517eb39.js.map"],"children":{},"childAssets":{}},"component---src-pages-index-js":{"chunks":[0,1,8],"assets":["0.48565c710fdc99cc2d9d.css","0-e9325e1e7137cfec4564.js","0-e9325e1e7137cfec4564.js.map","1.d2cdb0ccf6e65f3245c9.css","1-14fd423c7c989a2f48e4.js","1-14fd423c7c989a2f48e4.js.map","component---src-pages-index-js-5743ea929d12c170a5a7.js","component---src-pages-index-js-5743ea929d12c170a5a7.js.map"],"children":{},"childAssets":{}},"component---src-pages-privacy-and-terms-js":{"chunks":[0,1,9],"assets":["0.48565c710fdc99cc2d9d.css","0-e9325e1e7137cfec4564.js","0-e9325e1e7137cfec4564.js.map","1.d2cdb0ccf6e65f3245c9.css","1-14fd423c7c989a2f48e4.js","1-14fd423c7c989a2f48e4.js.map","component---src-pages-privacy-and-terms-js-7fac9d4e83bf3052928f.js","component---src-pages-privacy-and-terms-js-7fac9d4e83bf3052928f.js.map"],"children":{},"childAssets":{}},"pages-manifest":{"chunks":[12],"assets":["pages-manifest-e12d9238aa4b5aa4c34e.js","pages-manifest-e12d9238aa4b5aa4c34e.js.map"],"children":{},"childAssets":{}}},"assetsByChunkName":{"app":["webpack-runtime-754c649f0d69e17d8e14.js","app-aea21e2847886e102b3f.js"],"component---node-modules-gatsby-plugin-offline-app-shell-js":["component---node-modules-gatsby-plugin-offline-app-shell-js-302b2f1c7106d1597605.js"],"component---src-templates-all-products-js":["0.48565c710fdc99cc2d9d.css","0-e9325e1e7137cfec4564.js","1.d2cdb0ccf6e65f3245c9.css","1-14fd423c7c989a2f48e4.js","component---src-templates-all-products-js-8795bb4afb7202542458.js"],"component---src-templates-product-post-js":["0.48565c710fdc99cc2d9d.css","0-e9325e1e7137cfec4564.js","14.3494113dc34cd5fa2eb7.css","14-805533cca0151131cff2.js","1.d2cdb0ccf6e65f3245c9.css","1-14fd423c7c989a2f48e4.js","component---src-templates-product-post-js-9074d481e6557fe955f1.js"],"component---src-pages-404-js":["0.48565c710fdc99cc2d9d.css","0-e9325e1e7137cfec4564.js","1.d2cdb0ccf6e65f3245c9.css","1-14fd423c7c989a2f48e4.js","component---src-pages-404-js-d226ea5351b5124e1e5c.js"],"component---src-pages-about-us-js":["0.48565c710fdc99cc2d9d.css","0-e9325e1e7137cfec4564.js","1.d2cdb0ccf6e65f3245c9.css","1-14fd423c7c989a2f48e4.js","component---src-pages-about-us-js-5510017e792a2e89406f.js"],"component---src-pages-contact-us-js":["0.48565c710fdc99cc2d9d.css","0-e9325e1e7137cfec4564.js","1.d2cdb0ccf6e65f3245c9.css","1-14fd423c7c989a2f48e4.js","component---src-pages-contact-us-js-dd631ab2251b0f0a1ba6.js"],"component---src-pages-enquiry-js":["0.48565c710fdc99cc2d9d.css","0-e9325e1e7137cfec4564.js","1.d2cdb0ccf6e65f3245c9.css","1-14fd423c7c989a2f48e4.js","component---src-pages-enquiry-js-02b74af04e7c0517eb39.js"],"component---src-pages-index-js":["0.48565c710fdc99cc2d9d.css","0-e9325e1e7137cfec4564.js","1.d2cdb0ccf6e65f3245c9.css","1-14fd423c7c989a2f48e4.js","component---src-pages-index-js-5743ea929d12c170a5a7.js"],"component---src-pages-privacy-and-terms-js":["0.48565c710fdc99cc2d9d.css","0-e9325e1e7137cfec4564.js","1.d2cdb0ccf6e65f3245c9.css","1-14fd423c7c989a2f48e4.js","component---src-pages-privacy-and-terms-js-7fac9d4e83bf3052928f.js"],"pages-manifest":["pages-manifest-e12d9238aa4b5aa4c34e.js"]}}