{"errors":[],"warnings":[],"namedChunkGroups":{"app":{"chunks":[15,3],"assets":["webpack-runtime-c8141b03af618376a62b.js","webpack-runtime-c8141b03af618376a62b.js.map","app-996cb628d5d08f2d46b7.js","app-996cb628d5d08f2d46b7.js.map"],"children":{},"childAssets":{}},"component---node-modules-gatsby-plugin-offline-app-shell-js":{"chunks":[4],"assets":["component---node-modules-gatsby-plugin-offline-app-shell-js-01e0c280f48191045b2e.js","component---node-modules-gatsby-plugin-offline-app-shell-js-01e0c280f48191045b2e.js.map"],"children":{},"childAssets":{}},"component---src-templates-all-products-js":{"chunks":[0,1,12],"assets":["0.48565c710fdc99cc2d9d.css","0-1efdbba5b872ef018491.js","0-1efdbba5b872ef018491.js.map","1.cbaa051b3f3ed3b46ef9.css","1-983373bc50ed162840f7.js","1-983373bc50ed162840f7.js.map","component---src-templates-all-products-js-25fc6b9b8f53ebf729f6.js","component---src-templates-all-products-js-25fc6b9b8f53ebf729f6.js.map"],"children":{},"childAssets":{}},"component---src-templates-product-post-js":{"chunks":[0,16,1,13],"assets":["0.48565c710fdc99cc2d9d.css","0-1efdbba5b872ef018491.js","0-1efdbba5b872ef018491.js.map","16.3494113dc34cd5fa2eb7.css","16-97786819aa98f1a57324.js","16-97786819aa98f1a57324.js.map","1.cbaa051b3f3ed3b46ef9.css","1-983373bc50ed162840f7.js","1-983373bc50ed162840f7.js.map","component---src-templates-product-post-js-5066f49f976e5d65d4b9.js","component---src-templates-product-post-js-5066f49f976e5d65d4b9.js.map"],"children":{},"childAssets":{}},"component---src-pages-404-js":{"chunks":[0,1,5],"assets":["0.48565c710fdc99cc2d9d.css","0-1efdbba5b872ef018491.js","0-1efdbba5b872ef018491.js.map","1.cbaa051b3f3ed3b46ef9.css","1-983373bc50ed162840f7.js","1-983373bc50ed162840f7.js.map","component---src-pages-404-js-9274b2319b01711efa52.js","component---src-pages-404-js-9274b2319b01711efa52.js.map"],"children":{},"childAssets":{}},"component---src-pages-about-us-js":{"chunks":[0,1,6],"assets":["0.48565c710fdc99cc2d9d.css","0-1efdbba5b872ef018491.js","0-1efdbba5b872ef018491.js.map","1.cbaa051b3f3ed3b46ef9.css","1-983373bc50ed162840f7.js","1-983373bc50ed162840f7.js.map","component---src-pages-about-us-js-8cc2716a4d22c210fbdf.js","component---src-pages-about-us-js-8cc2716a4d22c210fbdf.js.map"],"children":{},"childAssets":{}},"component---src-pages-clientele-js":{"chunks":[0,2,1,7],"assets":["0.48565c710fdc99cc2d9d.css","0-1efdbba5b872ef018491.js","0-1efdbba5b872ef018491.js.map","2-06a440ca50a3ddacd216.js","2-06a440ca50a3ddacd216.js.map","1.cbaa051b3f3ed3b46ef9.css","1-983373bc50ed162840f7.js","1-983373bc50ed162840f7.js.map","component---src-pages-clientele-js.a2cc9e4305176327e9f6.css","component---src-pages-clientele-js-7f8ad3160209c16d1dcf.js","component---src-pages-clientele-js-7f8ad3160209c16d1dcf.js.map"],"children":{},"childAssets":{}},"component---src-pages-contact-us-js":{"chunks":[0,1,8],"assets":["0.48565c710fdc99cc2d9d.css","0-1efdbba5b872ef018491.js","0-1efdbba5b872ef018491.js.map","1.cbaa051b3f3ed3b46ef9.css","1-983373bc50ed162840f7.js","1-983373bc50ed162840f7.js.map","component---src-pages-contact-us-js-fae788ed0a654c6788fe.js","component---src-pages-contact-us-js-fae788ed0a654c6788fe.js.map"],"children":{},"childAssets":{}},"component---src-pages-enquiry-js":{"chunks":[0,1,9],"assets":["0.48565c710fdc99cc2d9d.css","0-1efdbba5b872ef018491.js","0-1efdbba5b872ef018491.js.map","1.cbaa051b3f3ed3b46ef9.css","1-983373bc50ed162840f7.js","1-983373bc50ed162840f7.js.map","component---src-pages-enquiry-js-b1bc865b4d50e2716b0f.js","component---src-pages-enquiry-js-b1bc865b4d50e2716b0f.js.map"],"children":{},"childAssets":{}},"component---src-pages-index-js":{"chunks":[0,2,1,10],"assets":["0.48565c710fdc99cc2d9d.css","0-1efdbba5b872ef018491.js","0-1efdbba5b872ef018491.js.map","2-06a440ca50a3ddacd216.js","2-06a440ca50a3ddacd216.js.map","1.cbaa051b3f3ed3b46ef9.css","1-983373bc50ed162840f7.js","1-983373bc50ed162840f7.js.map","component---src-pages-index-js.a2cc9e4305176327e9f6.css","component---src-pages-index-js-70f03208020fbeb6d56d.js","component---src-pages-index-js-70f03208020fbeb6d56d.js.map"],"children":{},"childAssets":{}},"component---src-pages-privacy-and-terms-js":{"chunks":[0,1,11],"assets":["0.48565c710fdc99cc2d9d.css","0-1efdbba5b872ef018491.js","0-1efdbba5b872ef018491.js.map","1.cbaa051b3f3ed3b46ef9.css","1-983373bc50ed162840f7.js","1-983373bc50ed162840f7.js.map","component---src-pages-privacy-and-terms-js-3c118e88abd74e6198ab.js","component---src-pages-privacy-and-terms-js-3c118e88abd74e6198ab.js.map"],"children":{},"childAssets":{}},"pages-manifest":{"chunks":[14],"assets":["pages-manifest-b7dcf0461beb5a1b45b8.js","pages-manifest-b7dcf0461beb5a1b45b8.js.map"],"children":{},"childAssets":{}}},"assetsByChunkName":{"app":["webpack-runtime-c8141b03af618376a62b.js","app-996cb628d5d08f2d46b7.js"],"component---node-modules-gatsby-plugin-offline-app-shell-js":["component---node-modules-gatsby-plugin-offline-app-shell-js-01e0c280f48191045b2e.js"],"component---src-templates-all-products-js":["0.48565c710fdc99cc2d9d.css","0-1efdbba5b872ef018491.js","1.cbaa051b3f3ed3b46ef9.css","1-983373bc50ed162840f7.js","component---src-templates-all-products-js-25fc6b9b8f53ebf729f6.js"],"component---src-templates-product-post-js":["0.48565c710fdc99cc2d9d.css","0-1efdbba5b872ef018491.js","16.3494113dc34cd5fa2eb7.css","16-97786819aa98f1a57324.js","1.cbaa051b3f3ed3b46ef9.css","1-983373bc50ed162840f7.js","component---src-templates-product-post-js-5066f49f976e5d65d4b9.js"],"component---src-pages-404-js":["0.48565c710fdc99cc2d9d.css","0-1efdbba5b872ef018491.js","1.cbaa051b3f3ed3b46ef9.css","1-983373bc50ed162840f7.js","component---src-pages-404-js-9274b2319b01711efa52.js"],"component---src-pages-about-us-js":["0.48565c710fdc99cc2d9d.css","0-1efdbba5b872ef018491.js","1.cbaa051b3f3ed3b46ef9.css","1-983373bc50ed162840f7.js","component---src-pages-about-us-js-8cc2716a4d22c210fbdf.js"],"component---src-pages-clientele-js":["0.48565c710fdc99cc2d9d.css","0-1efdbba5b872ef018491.js","2-06a440ca50a3ddacd216.js","1.cbaa051b3f3ed3b46ef9.css","1-983373bc50ed162840f7.js","component---src-pages-clientele-js.a2cc9e4305176327e9f6.css","component---src-pages-clientele-js-7f8ad3160209c16d1dcf.js"],"component---src-pages-contact-us-js":["0.48565c710fdc99cc2d9d.css","0-1efdbba5b872ef018491.js","1.cbaa051b3f3ed3b46ef9.css","1-983373bc50ed162840f7.js","component---src-pages-contact-us-js-fae788ed0a654c6788fe.js"],"component---src-pages-enquiry-js":["0.48565c710fdc99cc2d9d.css","0-1efdbba5b872ef018491.js","1.cbaa051b3f3ed3b46ef9.css","1-983373bc50ed162840f7.js","component---src-pages-enquiry-js-b1bc865b4d50e2716b0f.js"],"component---src-pages-index-js":["0.48565c710fdc99cc2d9d.css","0-1efdbba5b872ef018491.js","2-06a440ca50a3ddacd216.js","1.cbaa051b3f3ed3b46ef9.css","1-983373bc50ed162840f7.js","component---src-pages-index-js.a2cc9e4305176327e9f6.css","component---src-pages-index-js-70f03208020fbeb6d56d.js"],"component---src-pages-privacy-and-terms-js":["0.48565c710fdc99cc2d9d.css","0-1efdbba5b872ef018491.js","1.cbaa051b3f3ed3b46ef9.css","1-983373bc50ed162840f7.js","component---src-pages-privacy-and-terms-js-3c118e88abd74e6198ab.js"],"pages-manifest":["pages-manifest-b7dcf0461beb5a1b45b8.js"]}}